Order_ID,Date,Region,Product,Category,Quantity,Unit_Price,Sales,Customer_Rating
1001,2026-01-05,South,Laptop,Electronics,2,55000,110000,4.5
1002,2026-01-08,North,Mouse,Accessories,10,800,8000,4.0
1003,2026-02-12,South,Laptop,Electronics,1,55000,55000,4.8
1004,2026-02-18,East,Keyboard,Accessories,6,1800,10800,3.9
1005,2026-03-03,West,Monitor,Electronics,3,15000,45000,4.2
1006,2026-03-15,South,Mouse,Accessories,15,800,12000,4.6
1007,2026-04-02,North,Laptop,Electronics,2,55000,110000,4.7
1008,2026-04-21,East,Monitor,Electronics,4,15000,60000,4.1
1009,2026-05-07,West,Keyboard,Accessories,8,1800,14400,3.8
1010,2026-05-19,South,Laptop,Electronics,1,55000,55000,4.9
1011,2026-06-11,North,Mouse,Accessories,12,800,9600,4.3
1012,2026-06-25,East,Monitor,Electronics,5,15000,75000,4.4
